video_id,trending_date,title,channel_title,category_id,publish_time,tags,views,likes,dislikes,comment_count,thumbnail_link,comments_disabled,video_error_or_removed,description,location
NPHgDVgIWeQ,,"LE JUSTE POIDS ! #2 (Avec Mastu, Zafeel)",JOYCA,24,2024-04-21T11:01:11Z,"Joyca,video,reaction,FranÃ§ais,zafeel,mastu,juste poids",1275935,96725,0,1215,https://i.ytimg.com/vi/NPHgDVgIWeQ/default.jpg,False,,"On sâ€™affronte pour trouver le juste poids !

Merci Ã  Ultra Premium Direct dâ€™avoir sponsorisÃ© la vidÃ©o ! Nâ€™oubliez pas dâ€™utiliser mon code Â« JOYCA Â» vous permettant dâ€™avoir -25% pendant 48h pour tous les nouveaux clients ! puis de -20% pour tous les nouveaux clients jusquâ€™au 02/06/2024

Ã‡a se passe ici : https://www.ultrapremiumdirect.com/?utm_source=Youtube&utm_medium=partenariat&utm_campaign=joyca-youtube-210424


Retrouvez aussi Ultra Premium Direct sur Instagram : https://www.instagram.com/ultrapremiumdirect


ğŸ‘‰ Chaine Secondaire Lil Joyca : https://www.youtube.com/channel/UCgANFlYnbE47942AoazfNsg
ğŸ‘‰ LIVE/TWITCH : https://www.twitch.tv/joyca/videos
ğŸ‘‰ INSTAGRAM : Joyca
ğŸ‘‰ X : https://twitter.com/JoycaOff
ğŸ‘‰ TIK TOK : @joycaledelire

â¤â¤â¤ Pour toutes demandes professionnelles ou commerciales : contact.joyca@gmail.com",FR
lPuGVHsTMn0,,FIGHT HIGHLIGHTS | DEVIN HANEY VS. RYAN GARCIA,DAZN Boxing,17,2024-04-21T08:08:55Z,"dazn,boxing,highlights,full fight,ko,knockout,top 10,The DAZN Boxing Show,Pelea,Boxeo,Pugile,dazn boxing",6481671,120438,0,19661,https://i.ytimg.com/vi/lPuGVHsTMn0/default.jpg,False,,"April 20, 2024 -- Devin Haney vs. Ryan Garcia Fight Highlights from New York City, New York. Presented by @AutoZone 

Subscribe to our YouTube channel ğŸ‘‰  http://bit.ly/DAZNBoxingYouTube
Subscribe to the DAZN X Series YouTube channel ğŸ‘‰ https://bit.ly/XSeriesYouTube 

Download the DAZN app now ğŸ‘‰  http://bit.ly/DAZNYoutube

Follow DAZN Boxing On Social Media ğŸ‘‡
Twitter: https://www.twitter.com/DAZNBoxing
Instagram: https://www.instagram.com/DAZNBoxing
Facebook: https://www.facebook.com/DAZN

The DAZN Boxing Show â–º https://bit.ly/3EQ70HN
DAZN Rewind â–º https://bit.ly/32iAaRT

#haneygarcia #DAZN #DAZNBoxing #Boxing",FR
l-nMKJ5J3Uc,,"Ages 1 - 100 Decide Who Wins $250,000",MrBeast,24,2024-04-20T15:59:59Z,,52364793,2840084,0,135326,https://i.ytimg.com/vi/l-nMKJ5J3Uc/default.jpg,False,,"I canâ€™t believe who they picked
Thanks Top Troops for sponsoring this video. Download Top Troops at https://toptroops.onelink.me/JHnC/mrbeast or scan the QR code to get a FREE special Starter Pack for a limited time

Thanks Samsung for the Tab S9s - the Galaxy AI features are cool too: https://smsng.us/MrBTabS9

New Merch - https://mrbeast.store

Check out Viewstats! - https://www.viewstats.com/

SUBSCRIBE OR I TAKE YOUR DOG
â•”â•â•¦â•—â•”â•¦â•—â•”â•â•¦â•â•¦â•¦â•¦â•¦â•—â•”â•â•—
â•‘â•šâ•£â•‘â•‘â•‘â•šâ•£â•šâ•£â•”â•£â•”â•£â•‘â•šâ•£â•â•£ 
â• â•—â•‘â•šâ•â•‘â•‘â• â•—â•‘â•šâ•£â•‘â•‘â•‘â•‘â•‘â•â•£
â•šâ•â•©â•â•â•©â•â•©â•â•©â•â•©â•â•šâ•©â•â•©â•â•

For any questions or inquiries regarding this video, please reach out to chucky@mrbeastbusiness.com

Also thank you Concept Pixel for the LED Walls,it looked great!
Â www.conceptpixels.com

Music Provided by https://www.extrememusic.com

----------------------------------------------------------------
follow all of these or i will kick you
â€¢ Facebook - https://www.facebook.com/MrBeast6000/
â€¢ Twitter - https://twitter.com/MrBeast
â€¢  Instagram - https://www.instagram.com/mrbeast
â€¢  Im Hiring! - https://www.mrbeastjobs.com/
--------------------------------------------------------------------",FR
eMn43As24Bo,,Le Jeu de la Vie.,EGO,20,2024-04-20T14:00:07Z,,736392,98454,0,4657,https://i.ytimg.com/vi/eMn43As24Bo/default.jpg,False,,"Merci Ã  Odoo de m'accompagner pour cette vidÃ©o. Si vous Ãªtes intÃ©ressÃ©s, n'hÃ©sitez pas Ã  faire un tour ici :

https://www.odoo.com/r/0Gtf

Pour suivre la vidÃ©o en parallÃ¨le si besoin, mon petit site fait maison :

https://jeu-de-la-vie.odoo.com/

_ _ _

Remerciements Ã  Phillip Bradbury, Ã  qui j'ai empruntÃ© la vidÃ©o ""Life in Life in Life"", juste ici :

https://youtu.be/4lO0iZDzzXk?si=8TFz9LJ9oef4N7o0

De mÃªme pour ""My Microscopic World"" pour sa vidÃ©o ""Microscopic Life In A Drop Of Water"" : 

https://youtu.be/SGPflE5eHrU?si=lwSDw4K5cDvbtDqy

_

En plus :

Lenia + IA : https://developmentalsystems.org/sensorimotor-lenia/

L'ordinateur de Nicolas Loizeau : https://www.nicolasloizeau.com/gol-computer

_

N'hÃ©sitez pas Ã  m'envoyer des liens, je veux en apprendre plus.

_

Si vous voulez essayer chez vous, vous pouvez tÃ©lÃ©charger Golly. Une fois Ã  l'intÃ©rieur, Ã  gauche, Patterns / Life / vous y trouverez quelques configurations intÃ©ressantes.

Sur le wiki du Jeu de la Vie, vous pouvez aussi simplement copier les configurations et les coller dans Golly, n'hÃ©sitez pas !

https://conwaylife.com/wiki

_ _ _

Mes rÃ©seaux :

Mail : ego.pro003@gmail.com
Twitter : https://twitter.com/ego_v1
Twitch : https://www.twitch.tv/ego_                                                                                                                           

_

Musiques : 
                                                                                                                                                                           
00.00 : Ian Post - Yule - Stripped Version
01.10 : Diluted - Aiyo
02.40 : Yonatan Riklis - Tales of the Mind
07.34 : C.K. Martin - The Endurance
10.40 : Curtis Cole - Odd Numbers
14.11 : Diffie Bosman - The Motions
20.07 : Charlie Ryan - Cosmic Cascades
23.17 : Ian Post - Yule - Instrumental Version
28.50 : Diffie Bosman - The Motions
32.06 : SÃ©mÃ¸ - Home Journey
                                                                             
_______________________________________________________


Recherches, script, voix, rÃ©colte des mÃ©dias et montage (dont les jolies lignes de couleur pour vous montrer les chemins des gliders, oui c'est important, je suis fier) : moi-mÃªme. ğŸ˜

Motion design : Lucas perez ( @levilllageois sur instagram, ou https://lucasperez.framer.website/ )

Des bisous. ğŸ˜˜

_ 
                                                                                                                                                                                    
#jeudelavie #gameoflife #conway

_

Je suis tombÃ© sur une pÃ©pite en faisant mes recherches, je ne pouvais pas ne pas partager.

https://youtu.be/6YsNRnZRgg8?si=ehkzyn5nvGTkQz_S",FR
CHbxIo_UaSI,,DÃ‰GUSTATION AMERICAINEğŸ˜ğŸ‡ºğŸ‡¸ / Les meilleurs moments du live ğŸ˜,Cameliaa92_,24,2024-04-20T18:52:41Z,,96414,4609,0,156,https://i.ytimg.com/vi/CHbxIo_UaSI/default.jpg,False,,"Ã€ lâ€™issue dâ€™un live dÃ©gustation qui fut encore Masterclass, jâ€™ai dÃ©cidÃ© de vous faire une petite vidÃ©o avec montage et vous la poster ici ! ğŸ˜

Bon visionnage, je vous aime merci pour la force câ€™est vous les boss  !! ğŸ’ªğŸ¼ğŸ‘‘ğŸ¥³",FR
FxtVRjcM-FA,,HIGHLIGHTS | Olympique Lyonnais vs. PSG -- UEFA Women's Champions League 2023-24 (FranÃ§ais),DAZN Women's Football,17,2024-04-20T19:57:58Z,"dazn,uwcl,womens champions league,highlights,stream,watch,full match,champions league,uefa,ucl,women's football,soccer,goals,live,recap,sport,free,WoSo",259325,3932,0,472,https://i.ytimg.com/vi/FxtVRjcM-FA/default.jpg,False,,"20 avril 2024 -- Olympique Lyonnais vs. Paris Saint-Germain, Demi-finale aller de l'UEFA Women's Champions League 2023-24

DAZN is proud to present a New Deal for women's football! Sign up for free to DAZN ğŸ‘‰ https://bit.ly/DAZNWFootballYouTube

Subscribe now to the best women's football channel on YouTube ğŸ‘‰ https://bit.ly/WomensFootballOnDAZN

Follow Our Social Channels ğŸ‘‡
Instagram: https://instagram.com/daznfootball
Twitter: https://twitter.com/DAZNFootball
Snapchat: https://bit.ly/UWCLSnap
TikTok: https://www.tiktok.com/@daznfootball 

#DAZN #UWCL #Football #soccer",FR
q3zqJs7JUCQ,,Taylor Swift - Fortnight (feat. Post Malone) (Official Music Video),Taylor Swift,10,2024-04-20T00:00:06Z,"Taylor swift,taylor,swift,taylor swift ttpd,tortured poets department,new taylor swift,taylor swift album,ts ttpd,ttpd anthology,taylor swift fortnight,fortnite taylor swift,taylor swift",26013938,1218267,0,63754,https://i.ytimg.com/vi/q3zqJs7JUCQ/default.jpg,False,,"The official music video for â€œFortnight (feat. Post Malone)â€ by Taylor Swift, from â€˜THE TORTURED POETS DEPARTMENTâ€™.

Buy/download/stream â€˜THE TORTURED POETS DEPARTMENTâ€™: https://taylor.lnk.to/thetorturedpoetsdepartment 

Join the #ForAFortnightChallenge on YouTube Shorts. Share 14 snippets of your life in one single Short with â€œFortnight (feat Post Malone)â€ by using remix or adding the official sound.

https://yt.be/ForAFortnightChallenge

â–ºSubscribe to Taylor Swift on YouTube: https://ts.lnk.to/subscribe
â–ºShop Merch: http://taylorswift.lnk.to/store 
â–ºFollow Taylor Swift Online: 
TikTok: http://tiktok.com/@taylorswift 
Instagram: http://instagram.com/taylorswift 
Twitter: http://twitter.com/taylorswift13 
Snapchat: http://snapchat.com/add/taylorswift 
Facebook: http://facebook.com/taylorswift 
Tumblr: http://taylorswift.tumblr.com 
Website: http://www.taylorswift.com 

â–ºFollow Taylor Nation Online 
TikTok: http://tiktok.com/@taylornation
YouTube: https://youtube.com/taylornation
Instagram: http://instagram.com/taylornation 
Twitter: http://twitter.com/taylornation13
Tumblr: http://taylornation.tumblr.com

Director: Taylor Swift
Director of Photography: Rodrigo Prieto 
Producer: Jil Hardin 
Editor: Chancler Haynes 
Production Designer: Ethan Tobman 
1st AD: Anthony Dimino 
Visual Effects: Parliament
Production Companies: Taylor Swift Productions & Object & Animal

#taylorswift #postmalone #fortnight #thetorturedpoetsdepartment",FR
y_WGL8rVrz0,,skibidi toilet 73 (part 1),DaFuq!?Boom!,24,2024-04-20T21:20:07Z,"sfm animation,skibidi toilet vs cameramen,skibidi toilet,scientist skibidi,tv woman,titan cameraman,titan speakerman,skibidi toilet all episodes,titan tv man,g-toilet,gman toilet",14457786,821437,0,70399,https://i.ytimg.com/vi/y_WGL8rVrz0/default.jpg,False,,"cameramen infiltrate last remaining part of skibidi lab

full-screen version

Respectful assets used in the video:
suits - https://steamcommunity.com/sharedfiles/filedetails/?id=2849230339
speakers models by ivip -https://steamcommunity.com/sharedfiles/filedetails/?id=2680336465
https://steamcommunity.com/sharedfiles/filedetails/?id=2684729253
map - https://steamcommunity.com/sharedfiles/filedetails/?id=1958007290
additional particles by @HoovyTube 

Contact me:
instagram.com/dafuqboomtv
blugrayguy@gmail.com",FR
WCi3iyugJY4,,QUOI DE BEAU CHEZ ACTION ? Haul NouveautÃ©s Avril,MissouMakeup,24,2024-04-21T09:00:30Z,"haul action,action,missou,missou action,missou haul,action avril",144555,10147,0,249,https://i.ytimg.com/vi/WCi3iyugJY4/default.jpg,False,,"HEY ! DÃ‰ROULE ICI POUR PLUS D'INFO â†“

J'espÃ¨re que tu vas bien et que tu as bien kiffÃ© cette vidÃ©o â¤ï¸

Mes rÃ©seaux sociaux ğŸ‘‰  INSTA: https://bit.ly/3yzzjXW
                                       ğŸ‘‰ TIKTOK: https://bit.ly/2VCoZjH
                                       ğŸ‘‰  FACEBOOK: https://bit.ly/2VEB0ER

Contact professionnel uniquement: missou.contact@gmail.com

Si tu as des questions, n'hÃ©site pas en commentaire !

Pleins de bisous et Ã  la prochaine 


LOVE 


Missou",FR
FP5E8BK7e_Y,,ON PASSE 24H MENOTTÃ‰S ! (partie 2),Tamburini's,24,2024-04-20T15:40:01Z,,104700,6039,0,323,https://i.ytimg.com/vi/FP5E8BK7e_Y/default.jpg,False,,"Toutes les informations sont en dessous ! DÃ©roule !
_______________________________________________________________ 

Hello les gaaaaaaars, on espÃ¨re que vous allez bien et aujourd'hui on se retrouve pour la partie 2 de notre dÃ©fis de rester menottÃ©s durant 24h!

REJOINS NOUS SUR LES RÃ‰SEAUX â™¡

t w i t t e r // @aiextamburini
i n s t a g r a m // @tamburinialex & @lenatamburinioff 
s n a p c h a t // alextamburiniyt 
t i k t o k // @alextamburini & @lenatamburininew

contact professionnel : alexprtmbr@gmail.com 

1,15Mâ™¡ (MERCI!!)",FR
StRuuFulaLo,,VIVRE AVEC SA MEUF ! - HENRY TRAN,Henry Tran,24,2024-04-19T16:00:26Z,"Henry,Le Rire jaune,Kevin Tran,Henry Tran,Cyprien,Squeezie,Mastu,Amixem,LOAT,Joyca,ThÃ©odore,Amine,Amine m'a tuÃ©,copine,couple,amour,emmÃ©nager Ã  deux,emmÃ©nager avec sa copine,mariage,dÃ©mÃ©nagement,en couple,Henry Tran copine,enfant,bÃ©bÃ©,love",909302,92234,0,956,https://i.ytimg.com/vi/StRuuFulaLo/default.jpg,False,,"Une vidÃ©o dÃ©diÃ©e Ã  madame ! 

Profitez de 10% supplÃ©mentaire sur tout le site EMMA jusqu'au 9 mai Ã  minuit grÃ¢ce au code HENRICHE et via mon lien : https://bit.ly/4aIlw4o ğŸ˜

Venez me suivre sur : 
- Twitch : https://www.twitch.tv/superhenrytran
- IG : https://www.instagram.com/henrytran/
- Tiktok : https://www.tiktok.com/@imhenrytranâ€‹ 
- Twitter : https://twitter.com/superhenrytranâ€‹
- Discord : https://discord.gg/henry
- Abonnez vous Ã  ma chaÃ®ne live :  @henrylive   

Merci Ã  : 
Laurianne @tlrori pour son interprÃ©tation de ma copine
Ainsi que les membres du quator @galaadquartet  
OcÃ©ane @symphonieoceane (joueuse de violon)
Camille @cameyoubert (joueuse de violon)
Jean Wojcicki (joueur d'alto)
Quentin @quentin_Carmouse (joueur de violoncelle)

Ecriture Henry Tran & Kevin Tran 
Cadrage Antonin Gateau & Samy 
Montage par @Myssa_da
Miniature par @dimehart_",FR
RE_fyF0a3zo,,Le Pire ou Le Meilleur Maisâ€¦,FastGoodCuisine,26,2024-04-19T16:18:47Z,"chaÃ®ne,de,cuisine,fastgoodcuisine,fastfood,recette,rapide,facile,pas,cher,Ã©conomique,hugo,hugougopi,Le pire,Le meilleur,GÃ©nial,GÃ©nial mais,Nico lÃ ,Nicola,Nico Tiktok,Hugo,HugoposÃ©,Hugoposay,Tu prÃ©fÃ¨res,Le pire tacos,Le pire hotel,Le meilleur hotel,Popâ€™s,Popâ€™s fastgoodcuisine",751597,50083,0,316,https://i.ytimg.com/vi/RE_fyF0a3zo/default.jpg,False,,"Le Pire Vs Le Meilleur Mais... Nouveau concept avec HugoposÃ© et Nico ! 
Je Teste Le Nouveau McDo ! (Une arnaque ?) https://youtu.be/adI6CEIqbjo?feature=shared

ğŸ””âœ… Activez la cloche de notification, pour Ãªtre au courant de mes vidÃ©os !


ğŸ” Mes restaurants : Pepe Chicken /  https://bit.ly/PepeChicken 
ğŸ¦ Twitter : @fastgoodcuisine / https://twitter.com/fastgoodcuisine
ğŸ“¸ Instagram: @fastgoodcuisine / https://www.instagram.com/fastgoodcuisine
ğŸ‘» Snapchat : Fastgoodcuisine
ğŸŒ Facebook : @FastGoodCuisine / https://www.facebook.com/FastGoodCuisine

Merci Ã  Mathias pour la coupe de cheveux
Insta : @barber_factory
16 Rue Jules VallÃ¨s, 75011 Paris

ğŸ’Œ Sponsorship : contact@fastgoodcuisine.com",FR
SrGENEXocJU,,Vortex Cannon vs Drone,Mark Rober,28,2024-04-20T14:36:39Z,,5957439,236923,0,7456,https://i.ytimg.com/vi/SrGENEXocJU/default.jpg,False,,"Iâ€™m so stoked to debut Hack Pack! Teens and adults can now level up their own creative engineering skills and build a desktop turret robot alongside me: https://www.crunchlabs.com/hackpack

Hack Pack is a DIY robot subscription box thatâ€™s perfect for teens and adults with no coding experience required! Get 1 free box at https://www.crunchlabs.com/hackpack

Here is the first video lesson and build video- https://youtu.be/1j1kAuqePJo?si=0-3CfuU0s1IzoKyx
Here is the Arduino 101 Crash Course video- https://youtu.be/yi29dbPnu28?si=2GkMd-JnlgCvC0v5

Shout out to Anduril for showcasing their drone defense technology- https://www.anduril.com/

Thanks to these folks for providing some of the music in the video:
Ponder -  @Pondermusic 
Laura Shigihara -  @supershigi 
Andrew Applepie - https://soundcloud.com/andrewapplepie
Blue Wednesday - https://soundcloud.com/bluewednesday
Danijel Zambo - https://open.spotify.com/intl-de/artist/1ZD9ri2wmZZPL4qs92sXZX?si=iI7jkn-qSY-6NKo931314Q


PLATINUM TICKET INSTANT WIN GAME
NO PURCHASE NECESSARY. Ends 5/31/24, subject to monthly entry deadlines.  Open to legal residents of the 50 U.S. & D.C., 18+. 1 prize per month: each month is its own separate promotion. If a monthly prize is unclaimed/forfeited, it will be awarded via 2nd chance drawing. Visit crunchlabs.com/sweepstakes for Official Rules including full details on eligibility requirements, how to enter, free method of entry, entry limits, prize claim procedure, prize description and limitations. Void where prohibited.

PLATINUM DIPLOMA SWEEPSTAKES
NO PURCHASE NECESSARY. Ends 4/30/25, Open to legal residents of the 50 U.S. & D.C., 14+. Visit https://www.crunchlabs.com/pages/platinum-diploma for Official Rules including full details on eligibility requirements, how to enter, entry periods, free method of entry, entry limits, prize claim procedure, prize description and limitations. Void where prohibited.",FR
CZpXMDlOflA,,ON PASSE 24H MENOTTÃ‰S ! (partie 1),Tamburini's,24,2024-04-19T18:50:05Z,,147475,7325,0,155,https://i.ytimg.com/vi/CZpXMDlOflA/default.jpg,False,,"Toutes les informations sont en dessous ! DÃ©roule !
_______________________________________________________________ 

Collaboration commerciale
BÃ©nÃ©ficiez de -30% sur tout le site LuxÃ©ol avec le code TAMBURINIS : https://luxeol.com/
Pour votre santÃ©, pratiquez une activitÃ© physique rÃ©guliÃ¨re. www.mangerbouger.fr

Hello les gaaaaaaars, on espÃ¨re que vous allez bien et aujourd'hui on sâ€™est lancÃ©s le dÃ©fis de passer 24h menottÃ©sâ€¦ Ã§a promet!

REJOINS NOUS SUR LES RÃ‰SEAUX â™¡

t w i t t e r // @aiextamburini
i n s t a g r a m // @tamburinialex & @lenatamburinioff 
s n a p c h a t // alextamburiniyt 
t i k t o k // @alextamburini & @lenatamburininew

contact professionnel : alexprtmbr@gmail.com 

1,15Mâ™¡ (MERCI!!)",FR
rOjJ8YQdREI,,QUE FAIRE QUAND ON EST SEUL SUR SON PC !? ğŸ˜,Hugo DÃ©lire,20,2024-04-20T16:00:45Z,"hugo,delire,dÃ©lire,irl,fun,mdr,best of,cacabox,lestream,voices of the void,wendigo,jeux inde,votv,aliens,ufo,ovni",77773,6996,0,157,https://i.ytimg.com/vi/rOjJ8YQdREI/default.jpg,False,,"Enfin, j'ai rÃ©ussi Ã  arrÃªter mon travail d'influenceur de la planÃ¨te pour me consacrer Ã  ma passion, l'ingÃ©nierie paranormale spatiale ! Le seul problÃ¨me, c'est que je ne vais pas rester seul longtemps...

ğŸ¤ ChaÃ®ne Twitch : https://www.twitch.tv/hugodelire
ğŸ¥ ChaÃ®ne VOD : https://www.youtube.com/c/HugoD%C3%A9lireLesVOD/
ğŸ¤ Twitter : https://twitter.com/HugoDelire36
ğŸ“¸ Instagram : https://www.instagram.com/hugodelire36/

Montage rÃ©alisÃ© par Ayzon (@ayzon).
Miniature rÃ©alisÃ©e par Fynless (@Fynless).",FR
5qV6Xe0cC2M,,IntÃ©ressant : Faut-il avoir peur des missiles nuclÃ©aires Ã  tÃªtes multiples ? - 28 minutes - ARTE,28 minutes - ARTE,25,2024-04-21T10:00:06Z,"ARTE,Magazine,TV,arte replay,28 minutes,Le club international 28 minutes,IntÃ©ressant,IntÃ©ressant 28 minutes,Renaud DÃ©ly,David Castello-Lopes,nuclÃ©aire,bombe nuclÃ©aire,MIRV,science,VÃ©hicules de rentrÃ©e Ã  multiples ciblages indÃ©pendants,Faut-il avoir peur des missiles nuclÃ©aires Ã  tÃªtes multiples ?,guerre nuclÃ©aire,militaire,nouvelle peur dÃ©bloquÃ©e,menace nuclÃ©aire,arme de guerre",63413,2456,0,196,https://i.ytimg.com/vi/5qV6Xe0cC2M/default.jpg,False,,"Â« Les bombes nuclÃ©aires, Ã§a fait super peur. Â» Mais selon David Castello-Lopes, il existe encore plus effrayant : les MIRVâ€¦ En gros, des missiles nuclÃ©aires Ã  tÃªtes multiples. Pas trÃ¨s rassurant tout Ã§a...

#IntÃ©ressant #MIRV #NuclÃ©aire

28 Minutes est le magazine dâ€™actualitÃ© dâ€™ARTE, prÃ©sentÃ© par Ã‰lisabeth Quin du lundi au jeudi, Ã  20h05. Renaud DÃ©ly est aux commandes de l'Ã©mission le vendredi et le samedi. Retrouvez toutes les informations sur notre site : http://www.arte.tv/28minutes.

Suivez-nous sur :
Twitter : twitter.com/28minutes
Facebook : www.facebook.com/28minutes
Instagram : instagram.com/28minutes_arte/",FR
ajDOyWyupCQ,,J'ai DÃ©pensÃ© Tout Mon Argent Sur Brawl Stars !,Toinelag Gaming,20,2024-04-19T14:04:28Z,"toinelag,bilel,bilel toinelag,toinelag bilel,brawl stars,toinelag brawl stars,bilel brawl stars,gemmes brawl stars",294253,5085,0,364,https://i.ytimg.com/vi/ajDOyWyupCQ/default.jpg,False,,"Nouvelle vidÃ©o Brawl Stars !

Abonnez vous Ã  ma chaÃ®ne principale @toinelag 
et Ã  la chaÃ®ne de @bileloff

Pour participer aux prochaines vidÃ©os, voici mon serveur Discord : https://discord.gg/4F4zBavEEz

ğŸ¦ Mon Twitter : https://twitter.com/toinelag

ğŸ“· Mon Instagram : https://www.instagram.com/toinelag/

ğŸ¶ Mon TikTok : https://www.tiktok.com/@toinelag

ğŸ’Œ Pour me contacter : toinelag@drizztagency.fr",FR
ZD4U7y9XD2o,,ğŸ†ğŸï¸ LE FILM DE LA QUALIFICATION POUR LES DEMI-FINALES DE LA LIGUE DES CHAMPIONS ! ğŸ”´ğŸ”µ ğ‘ğ¨ğ®ğ ğ & ğğ¥ğğ®,PSG - Paris Saint-Germain,17,2024-04-19T15:03:57Z,"We Are Paris,PSG,PARIS SAINT-GERMAIN,PARIS,FOOTBALL,Gianluigi Donnarumma,Achraf Hakimi,Presnel Kimpembe,Marquinhos,Nuno Mendes,Nordi Mukiele,Fabian Ruiz,Danilo Pereira,Vitinha,Carlos Soler,Kylian MbappÃ©,MbappÃ©,No Comment,Inside,Highlights,Skill,Training,Goal,Interview,Warren,ZaÃ¯re-Emery,Ugarte,Kang-In Lee,Lee,Ethan MbappÃ©,Kolo Muani,DembÃ©lÃ©,Lucas Hernandez,Hernandez,Asensio,Tenas,Skriniar,Keylor Navas,Beraldo,Moscardo,Mayulu,Barcola,Randal,GonÃ§alo Ramos",281821,12445,0,488,https://i.ytimg.com/vi/ZD4U7y9XD2o/default.jpg,False,,"ğŸ”´ğŸ”µ ğ‘ğ¨ğ®ğ ğ & ğğ¥ğğ® - #UCL 

Dans les coulisses de la double confrontation ğŸ†š le FC Barcelone et la qualification pour les demi-finales de la @ChampionsLeague ! ğŸ†ğŸï¸

âš½ï¸ #PSGFCB / #FCBPSG 

00:00 Chapitre 1 - Luis Enrique Â« Il y aura une ambiance extraordinaire Â»
02:30 Chapitre 2 - Ousmane DembÃ©lÃ© Â« Un trÃ¨s grand match de football Â»
06:15 Chapitre 3 - Paris ne lÃ¢chera rien 
09:33 Chapitre 4 - Achraf Hakimi Â« On a la volontÃ© de changer ce qu'il s'est passÃ© Â»
14:37 Chapitre 5 - Luis Enrique Â« Nous savons exactement ce que nous voulons faire Â»
19:47 Chapitre 6 - Paris au paradis ! Direction les demies 

SUBSCRIBE â¡ï¸ https://www.youtube.com/psg

FOLLOW PSG ğŸ”´ğŸ”µ

ğŸ‘¨â€ğŸ’»  Website: https://en.psg.fr/ 
ğŸ“¸  Instagram: https://www.instagram.com/psg/
ğŸ“²  TikTok: https://www.tiktok.com/@psg/
ğŸ¥  Twitch: https://www.twitch.tv/psg/
ğŸ¦  Twitter: https://twitter.com/PSG_English/
ğŸ’»  Facebook: https://www.facebook.com/PSG/
ğŸ¤³  BeReal: https://t.co/0YF4ui5bnk
ğŸ’¬  WhatsApp: https://bit.ly/3RB3RVq

ğŸ”— https://linktr.ee/PSG

ABONNEZ-VOUS â¡ï¸ https://www.youtube.com/psg

SUIVEZ LE PARIS SAINT-GERMAIN ğŸ”´ğŸ”µ",FR
gldUJ1BpgNg,,ACHETER UN PC GAMER EASYCASH ! (lâ€™arnaqueâ€¦),FrenchHardware,20,2024-04-20T17:08:19Z,"HardwareFR,hardware,FrenchHardware,pc,gamer,ordinateur,High-Tech,informatique,AffairesPC,FrenchHardware.fr,pc gamer,pc gamer pas cher,setup,setup gaming,config pc,pc pas cher,FlowUP,Pc easycash,Pc gamer occasion,Pc gaming occasion,EASYCASH France,Pc gamer pas cher,Arnaque,Pc arnaque,Acheter un pc easycash,Acheter un pc gamer sur easycash",84645,4448,0,211,https://i.ytimg.com/vi/gldUJ1BpgNg/default.jpg,False,,"Un PC Gamer pas cher Ã  500â‚¬ ! Sur EasyCash pour le mÃªme prix que la PS5 on a achetÃ© un ordinateur gaming bien mieux que sur Amazon

ğŸ“§ Email Pro (uniquement) : Contactpro@frenchhardware.be
Notre chaine secondaire Hardware : https://bit.ly/3mqMzdb
Retrouvez les meilleurs BONS PLANS PC Gamer sur notre Discord : https://discord.gg/Q4EgHUQ3

GVGmall BON DE RÃ‰DUCTION DE 35% : FHVIP
Windows10 pro key(12â‚¬):https://bit.ly/Win10FHVIP
Windows11 pro key (18â‚¬):https://bit.ly/Win11FHVIP
Windows10 home(11â‚¬):https://bit.ly/homeFHVIP10
Windows11 home(17â‚¬):https://bit.ly/homeFHVIP11
Office 2016 pro key(22â‚¬): https://bit.ly/2016FHVIP
Office 2019 pro key(39â‚¬): https://bit.ly/2019FHVIP
https://www.gvgmall.com/ 

Vous Ãªtes Ã  la recherche d'un PC Gamer que vous n'allez pas regretter au meilleur prix ?
ğŸ‘‰Notre gamme de PC Gamer FlowUP : https://www.flowup.shop/r/nIe
-40â‚¬ avec le code ""FHD""
PC Gamer RTX 4060 Ã  850â‚¬ : https://www.flowup.shop/r/H69 
PC Gamer RTX 4060 Ti Ã  1000â‚¬ : https://www.flowup.shop/r/bgD 
PC Gamer RTX 4060 Ti Ã  1300â‚¬ : https://www.flowup.shop/r/hIf 
PC Gamer RTX 4070 SUPER Ã  1500â‚¬ : https://www.flowup.shop/r/Nqc 
PC Gamer RTX 4070 Ti SUPER Ã  1900â‚¬: https://www.flowup.shop/r/k0B 
PC Gamer RTX 4070 Ti SUPER Ã  2500â‚¬ : https://www.flowup.shop/r/0Lr 
PC Gamer RTX 4080 SUPER Ã  2700â‚¬ : https://www.flowup.shop/r/W77 
PC Gamer RTX 4080 SUPER Ã  3000â‚¬ :  https://www.flowup.shop/r/3Xg   
PC Gamer RTX 4090 Ã  4000â‚¬ :  https://www.flowup.shop/r/VcN 
PC Gamer RTX 4090 Ã  4500â‚¬ :  https://www.flowup.shop/r/AsV

Retrouvez nous  :
â–º Instagram : bit.ly/2Sa1w4f
â–º Twitter : bit.ly/3l0o1or
â–ºTIKTOK : https://www.tiktok.com/@fhdwofficiel?lang=fr
â–º Facebook : bit.ly/3kYmnnq
â–º Snapchat : FrenchHardware
â–º Discord : https://discord.gg/mWSm2JZf9v",FR
AZUC8Nj0QGQ,,Lacrim - 7 vies ft. Sofiane Pamart (Clip Officiel),Lacrim,10,2024-04-19T16:00:56Z,"lacrim,7 vies,sofiane pamart,lacrim sofiane pamart,rimkus,rimkus ninho,lacrim corleone,sdm,green montana sdm,rap fr,rap francais,clip rap,rap,dadju tayc,tayc,ninho,naps,naps rsq3,zed",335392,12471,0,745,https://i.ytimg.com/vi/AZUC8Nj0QGQ/default.jpg,False,,"NOUVEL ALBUM ""ğ•ğ„ğğˆ ğ•ğˆğƒğˆ ğ•ğˆğ‚ğˆ""  disponible en prÃ©commande ici :  https://www.lacrim.store

""7 vies ft. Sofiane Pamart"" disponible en streaming ici : https://lacrim.lnk.to/7Vies

Follow Lacrim sur: 

Facebook: https://facebook.com/LacrimOfficiel 
Twitter : https://twitter.com/Lacrim_Officiel  
Instagram : https://www.instagram.com/officielacrim/ 
Snapchat: https://www.snapchat.com/add/lacrim94snap

RÃ©alisÃ© par : Omy Productions

#LACRIM #VENIVIDIVICI #7VIES",FR
Q49PDxAMs8I,,Rimkus (ft. Ninho) - Danger (Clip Officiel),Rimkus,10,2024-04-18T22:00:05Z,"Danger,FracturÃ©,French Hip Hop,Hip Hop/Rap,Ninho,PLR,Rimkus",1259780,34985,0,661,https://i.ytimg.com/vi/Q49PDxAMs8I/default.jpg,False,,"Rimkus ft. Ninho - Danger (Clip Officiel) 

Nouveau album ""FracturÃ©"" disponible partout : https://rimkus.bfan.link/fracture

Abonne-toi Ã  la chaÃ®ne de Rimkus : http://bit.ly/rimkusYT

Prod : Noire Vision 
RÃ©al: Black Anouar

Suis Rimkus sur les rÃ©seaux ! 
Instagram : https://www.instagram.com/rimkusplr/
Facebook : https://www.facebook.com/rimkus94officiel
Twitter : https://twitter.com/rimkusplr 

#Rimkus #Ninho #FracturÃ© #Danger #PLR",FR
05FMD-YHnSc,,Et Si la Perse Avait Conquis la GrÃ¨ce?,AlterHis,27,2024-04-20T08:58:44Z,"alterhis,histoire,alternative,histoire alternative,uchronie,doc histoire,reportage histoire,documentaire histoire,documentaire historique,alteris,alter his,grÃ¨ce,300,300 rise of an empire,et si l'empire perse avait conquis la grÃ¨ce,grÃ¨ce antique,guerres mÃ©diques,et si la grÃ¨ce,et si la perse,hoplites,bataille de salamine",70469,6404,0,382,https://i.ytimg.com/vi/05FMD-YHnSc/default.jpg,False,,"â¡ï¸ Merci Ã  Histoire & Civilisations dâ€™avoir soutenu la crÃ©ation de cette vidÃ©o ! Profitez dâ€™une offre avantageuse pour tout abonnement Ã  Histoire & Civilisations : https://abo.histoire-et-civilisations.com/alterhis
ğŸ”—DÃ©roule la description pour les liens !

Pour soutenir la chaÃ®ne ! â¡ https://www.tipeee.com/alterhis

++++++++++++++++++++ 
AlterHis est dÃ©sormais disponible en podcast !
Spotifyâ¡ï¸https://spoti.fi/344sCAw
Deezerâ¡ï¸https://bit.ly/3dI9wU4
Apple podcastsâ¡ï¸https://apple.co/37L0C7d
Podcast Addictâ¡ï¸https://bit.ly/3kAtbrp
Acastâ¡ï¸https://bit.ly/3dZKSOG
Tiktokâ¡ï¸https://www.tiktok.com/@alterhis_

++++++++++++++++++++ 
00:00 Intro
02:28 Sponso
03:50 ScÃ©nario

++++++++++++++++++++ 
N'hÃ©site pas Ã  me rejoindre sur les rÃ©seaux sociaux !
TWITCH â¡  https://www.twitch.tv/alterhis_twitch
FACEBOOK â¡ https://www.facebook.com/alterhis 
TWITTER â¡ https://twitter.com/AlterHis 
DISCORDâ¡ https://discord.me/alterhis
INSTAGRAMâ¡@alterhis_insta
TIKTOKâ¡@alterhisto

+++++++++++++++++++++
Miniatureâ¡aqstud.com
IA utilisÃ©es: Leonardo.ai
Musiques, artworks et vidÃ©os utilisÃ©esâ¡https://pastebin.com/5YZA9GcK

++++++++++++++++++++ 
Toutes les musiques, vidÃ©os et images de cette Ã©mission appartiennent Ã  leurs propriÃ©taires respectifs et sont utilisÃ©es en vertu de l'article L122-5 du code de la propriÃ©tÃ© intellectuelle.",FR
poJjvBhl4Eo,,RK - Coffio (Clip Officiel),RK OFFICIEL,10,2024-04-19T16:00:01Z,"RK,rap,coffio,rap fr,rap franÃ§ais",677993,11231,0,904,https://i.ytimg.com/vi/poJjvBhl4Eo/default.jpg,False,,"RK - Coffio (Clip Officiel)
Nouveau single disponible partout ğŸš https://rk.bfan.link/coffio.yde

Prod. Dreamcut

â¡ ABONNE-TOI Ã€ LA CHAINE : http://bit.ly/ChaineRKâ€‹â€‹ ğŸ™

â¡ Pour suivre RK sur les rÃ©seaux : 
Instagram : http://bit.ly/Insta_RKâ€‹â€‹ 
Facebook : http://bit.ly/Facebook_RKâ€‹â€‹ 
Twitter : http://bit.ly/Twitter_RKâ€‹â€‹ 
Snapchat : http://bit.ly/Snap_RKâ€‹â€‹

#RK #Coffio",FR
9PujJI_Q49k,,Une youtubeuse VICTIME d'un SOCIOPATHE Serbe? La chute de Britanni Taylor,Liv,24,2024-04-19T15:31:53Z,"liv,live,liz,liz paranormal,lise,liv paranormal,divertissement,vidÃ©o peur,vidÃ©o horreur,paranormal,histoire d'horreur,Thread horreur,horreur,Fait divers,histoire criminelle,Histoire de crime,histoire vraie,histoire vraie flippante,dÃ©rangeant,flippant,mystÃ¨re,true crime,sociopathe,youtubeuse,psychopathe,victime,britanni taylor,shane dawson,manipulation,amour,relation toxique,drame,descente aux enfers,pervers narcissique",141117,10085,0,318,https://i.ytimg.com/vi/9PujJI_Q49k/default.jpg,False,,"ğŸ”” C'est par ici ! https://www.cyberghostvpn.com/LIV pour profiter d'une rÃ©duction de 83% sur votre abonnement Cyberghost (2â‚¬03 par mois et 4 mois de plus complÃ¨tement gratuits!) 




Dans cette vidÃ©o, je partage avec vous l'histoire bouleversante de Brittani Taylor, une YouTubeuse amÃ©ricaine dont la vie a basculÃ© aprÃ¨s avoir rencontrÃ© un homme serbe nommÃ© Milos. Au dÃ©but, tout semblait idyllique : Milos avait tous les attributs d'un prince charmant, un mÃ©decin issu d'une famille aisÃ©e. Cependant, les contes de fÃ©es cachent parfois des tragÃ©dies, et c'est exactement ce qui est arrivÃ© Ã  Brittani.
Au fil du temps, Milos s'est rÃ©vÃ©lÃ© Ãªtre bien plus qu'un simple menteur. Il Ã©tait manipulateur, dÃ©rangÃ© mÃªme. Brittani a Ã©tÃ© prise au piÃ¨ge de ses mensonges et de son emprise toxique. Cette vidÃ©o vous plongera dans les hauts et les bas de leur relation, vous montrant la dure rÃ©alitÃ© derriÃ¨re les apparences.
Ã€ travers le rÃ©cit de Brittani, nous dÃ©couvrirons comment l'amour peut parfois se transformer en cauchemar, et comment la quÃªte de bonheur peut mener Ã  des chemins inattendus et dangereux. C'est une histoire qui met en lumiÃ¨re les leÃ§ons prÃ©cieuses que nous pouvons tirer des situations les plus sombres de la vie.
 


ğŸ“„ Sources
https://www.amazon.fr/Sucky-Love-Story-Overcoming-Unhappily/dp/1642930008 



ğŸ˜ˆ RÃ©seaux sociaux
â« Instagram: https://www.instagram.com/mv_liv/ 
â« Tiktok: https://www.tiktok.com/@mv_liv?_t=8jafbe8ecpx&_r=1


#ï¸âƒ£ Subcount 972k",FR
zyWYQ7VucjE,,"RÃ©sumÃ© : Cardona GÃ‰NIAL, Saint-Etienne renverse Bordeaux dans le temps additionnel",beIN SPORTS France,17,2024-04-20T19:24:27Z,"rÃ©sumÃ©,highlights,as,saint,etienne,asse,girondins,de,bordeaux,bdx,ligue 2,bkt,irvin,cardona",291766,4770,0,534,https://i.ytimg.com/vi/zyWYQ7VucjE/default.jpg,False,,"[ğŸ“º RÃ‰SUMÃ‰ VIDÃ‰O] ğŸ‡«ğŸ‡· #Ligue2BKT 
ğŸ”¥ Dans un match complÃ¨tement DINGUE, un doublÃ© gÃ©nial de Cardona dans le temps additionnel permet Ã  l'ASSE de renverser Bordeaux et de s'imposer 2-1 !
ğŸ‘€ Les StÃ©phanois restent Ã  1 point de la 2Ã¨me place, synonyme de montÃ©e directe en L1 !

ğŸ’» RÃ©sumÃ©s, buts, articles, vidÃ©os, ... â¡ï¸ www.beinsports.com
ğŸ“± Retrouvez-nous sur les rÃ©seaux sociaux :
â¡ï¸ Nos podcasts : https://linktr.ee/beinsportsfrance
â¡ï¸ Facebook : https://www.facebook.com/beINSPORTSFrance
â¡ï¸ X : https://twitter.com/beinsports_FR
â¡ï¸ Instagram : https://www.instagram.com/beinsports_fr/
â¡ï¸ TikTok : https://www.tiktok.com/@beinsportsfr",FR
s0ED58GZZ5g,,Naps - RSQ3 (Clip Officiel),Naps Officiel,10,2024-04-19T09:59:56Z,"French Hip Hop,Hip Hop/Rap,Naps,RSQ3,Okay,Ok Many Industrie,AllPoints",377114,6913,0,467,https://i.ytimg.com/vi/s0ED58GZZ5g/default.jpg,False,,"Naps - RSQ3 (Clip Officiel)
Nouveau single RSQ3 disponible : https://naps.bfan.link/rsq3
Abonne-toi Ã  la chaÃ®ne ici : http://bit.ly/2kiGDExâ€‹

RÃ©alisÃ© par Hansley

Ecoute tous les albums de Naps !
""En temps rÃ©el"" : https://naps.bfan.link/entempsreel
""La TN (Team Naps)"" : https://naps.bfan.link/latn
""Best life"" : https://naps.bfan.link/bestlife
""Les mains faites pour l'or"" : https://naps.bfan.link/lesmainsfaitespourlor
""CarrÃ© VIP"" : http://naps.ffm.to/carrevipâ€‹
""On est fait pour Ã§a"" : http://naps.lnk.to/OnEstFaitPourCaâ€‹
""A l'instinct"" : http://naps.lnk.to/ALinstinctALLâ€‹ 
""En Ã©quipe, vol. 1"" : http://naps.lnk.to/EnEquipeâ€‹
""Pochon bleu"" : https://naps.lnk.to/PochonBleuALLâ€‹

Suis Naps sur les rÃ©seaux : 
Instagram : https://www.instagram.com/napsofficiel/â€‹
Twitter : https://twitter.com/Napsvraicompteâ€‹
Snapchat : https://www.snapchat.com/add/napsokmani
TikTok : https://www.tiktok.com/@napsvraicompte
Facebook : https://www.facebook.com/NapsOfficiel/â€‹

#Naps #RSQ3",FR
NzJwOZGWVck,,Naza - Kulule (Clip Officiel),NAZA,10,2024-04-19T16:00:08Z,"naza,kulule,loin de moi,joli bÃ©bÃ©,gros bÃ©bÃ©,keblack,liquide",280508,14789,0,555,https://i.ytimg.com/vi/NzJwOZGWVck/default.jpg,False,,"Naza - Kulule (Clip Officiel)
""Kulule"" disponible sur toutes les plateformes : https://naza.bfan.link/kulule

RÃ©alisÃ© par Anne CissÃ©
Produit par Dat-Way et Capricarolesque Industry

Producteur : RÃ©mi Campet 
Directeur de production : Omar Majdi

1ere assistante rÃ©alisation : Nadia Moussa

Directeur de la photographie : Thomas Migevant
1Ã¨re assistante camÃ©ra : Jeanne Martinet
2nde assistante camÃ©ra : Ariane Valin
Steadicameur : Anton Tarente

Chef Ã‰lectricien : Theo Lâ€™haridon
Ã‰lectricienne : Colombe Degonneville
Chef Machiniste : Edgar Lebreton
Machiniste : Adrien Guiot-Valentin
Machiniste : Zuy Viraphong

Chef DÃ©coratreur : Calvin Nâ€™Sonde
1er assistant dÃ©corateur : Marty Galafrio

ChorÃ©graphe / Danseur.euse : Charlito / Anouk Gireme
Danseuse : Alice Hurtado
Danseuse : LÃ©a Hurtado
Danseuse : Esmeralda Muanza
Danseur : Kadim
Danseur : Kley Ngui obiang
Danseur : Hamilton Patnelli
Danseur : IsmaÃ«l KonÃ©
Danseur : Aymerick Ngoua Sassou Nguesso

Maquilleuse Naza : Fatou Sylla
Chef Maquilleuse : GaÃ¯a Bernet
Maquilleuse : Laurie Moulard

Styliste : Youth SMHR
Assistante styliste : AÃ¯cha SMHR

RÃ©gisseur gÃ©nÃ©ral : Asia Raffenel
RÃ©gisseur adjoint : Anatole Deniaud

Post-production : Edouard Frommweiler 
Chef Monteur : LÃ©o Larour
Ã‰talonneur : Alexis Muller


Tous les clips de Naza â†’ http://bit.ly/2B9HLz2 
Tous les freestyles de Naza â†’ http://bit.ly/2A9AoZq

Naza :
Facebook : http://bit.ly/NazaFB
Twitter : http://bit.ly/NazaTWITTER
Instagram : http://bit.ly/NazaINSTA
Snapchat : Nazakeba",FR
Ty6TwLvePt0,,LIONEL MESSI BRACE ğŸ‘ Inter Miami vs. Nashville SC | MLS Highlights | ESPN FC,ESPN FC,17,2024-04-21T01:36:19Z,"lionel messi brace,messi brace,lionel messi two goals,lionel messi 2 goals,lionel messi,messi,inter miami,inter miami highlights,espn fc,soccer on espn,espn soccer,ESPNFC,#ESPNFC,ESPN FC,espn fc tv,soccer,futbol,espn fc highlights,football highlights,soccer highlights,mls highlights,major league soccer highlights,mls,mls 2024,2024 mls highlights,highlights,futbol highlights,inter miami vs nashville sc,messi vs nashville,lionel messi vs nashville",915416,21603,0,974,https://i.ytimg.com/vi/Ty6TwLvePt0/default.jpg,False,,Watch highlights of Inter Miamiâ€™s 3-1 win over Nashville SC as Lionel Messi scores two goals and sets up Sergio Busquetsâ€™ goal off a corner kick.,FR
saFoLZwfC98,,"PHILIPPE BOXHO, MÃ‰DECIN LÃ‰GISTE (Ã‰pisode 3) : LES AFFAIRES DE MEU.RTRES QUI ONT MARQUÃ‰ SA CARRIÃˆRE",LEGEND,24,2024-04-17T09:00:07Z,"legend,legendmedia,guillaumepley,guillaume pley,pley,interview,humour,qg,media,podcast,guillaume,legende,lÃ©gend,lÃ©gendes,philippe boxho,boxho,medecin legiste,legiste,mÃ©decin lÃ©giste,lÃ©giste",2226742,83045,0,3994,https://i.ytimg.com/vi/saFoLZwfC98/default.jpg,False,,"Pour commander votre protection dâ€™Ã©cran Paperlike â¡ï¸ https://link.influxcrew.com/Paperlike-Legend

Merci Ã  Philippe Boxho, mÃ©decin lÃ©giste, qui est de retour chez LEGEND pour une 4Ã¨me Ã©mission ! Il vient nous raconter les anecdotes les plus incroyables quâ€™il a pu vivre. Il a du faire face Ã  des animaux meurtriers, des suicides improbables, ou encore du cannibalisme. Devenu une star en Belgique, il a vendu plus de 200.000 livres depuis son dernier passage !

Retrouvez les diffÃ©rents livres de Philippe Boxho â¬‡ï¸

â€œEntretien avec un cadavreâ€ : https://amzn.to/3JfmUPS

â€œLes morts ont la paroleâ€ : https://amzn.to/3JbWcrl

Vous pouvez Ã©galement suivre Philippe sur ces rÃ©seaux :
Instagram â¡ï¸https://www.instagram.com/philippeboxho/?igsh=OWdobmtqZ2lobmhw
Tiktok â¡ï¸ https://www.tiktok.com/@philippeboxho65?_t=8lTEHeIu06C&_r=1

Nous remercions aussi Gwladis, maquilleuse dont vous pouvez retrouver le travail sur Instagram â¡ï¸https://www.instagram.com/gwlaa/?hl=fr

Ainsi que nos comÃ©diens :
Marie â¡ï¸ https://www.instagram.com/mariie_pariisot/?hl=fr
Romain â¡ï¸https://www.instagram.com/couloucon/?hl=fr

Un grand merci Ã  la librairie mÃ©dicale et paramÃ©dicale Vernazobre-greco pour le prÃªt du squelette â¡ï¸ https://www.vg-librairies.fr/magasins

Retrouvez nos prÃ©cÃ©dentes Ã©missions avec Philippe Boxho â¬‡ï¸ :

LEGEND - PHILIPPE BOXHO (MÃ‰DECIN LÃ‰GISTE) x GUILLAUME PLEY : https://www.youtube.com/watch?v=-MCpCJssxxA

PHILIPPE BOXHO, MÃ‰DECIN LÃ‰GISTE (PARTIE 1) : IL REVIENT SUR LES DÃ‰CÃˆS LES PLUS INSOLITES QU'IL A VUS : https://www.youtube.com/watch?v=wi36FqngE68

PHILIPPE BOXHO, MÃ‰DECIN LÃ‰GISTE (PARTIE 2) : IL REVIENT SUR LES DÃ‰CÃˆS LES PLUS INSOLITES QU'IL A VUS : https://www.youtube.com/watch?v=DLgZvoA5yUY


ğŸ§ Retrouvez cette interview en Podcast : 
Spotify : https://open.spotify.com/show/4xQ0IUS...
Apple Music : https://podcasts.apple.com/fr/podcast...
Deezer : https://www.deezer.com/fr/show/6125205
Amazon music : https://music.amazon.fr/podcasts/c3a4...


CRÃ‰DITS :
Auteurs : Guillaume PLEY - SÃ©bastien SIGAUT-MANAS - Louis CARLOTTI 
Direction des productions : StÃ©phane LANGLET
Chef Monteur : Jules VROEGOP
Motion design : Thibault LEHMANN
Montage : Benjamin SAULCHOIR - Gael GUERY
RÃ©alisateur : Benjamin SAULCHOIR
Cadreurs : Matthieu-Olivier DE BESSONET - Thibaud GAMB - SÃ©bastien SIGAUT-MANAS
DA : ZoÃ© LEPRELLE
ChargÃ© de production : ThÃ©o BERTHET
Journalistes : Thibaud GAMB - Lola FILLON
Social Media Managers : Camille GARGUILO - Jean-Baptiste SERRA
CrÃ©dit beatmaker / sound design : Amaury LORIAU & Alyas
Maquillage : Margo BRUNET - Gwladis
Coproduction LEGEND / Influx / https://www.influxcrew.com/

Pour toutes demandes de partenariats : legend@influxcrew.com

Retrouvez-nous sur tous les rÃ©seaux LEGEND !

Facebook : https://www.facebook.com/legendmediafr
Instagram : https://www.instagram.com/legendmedia/
TikTok : https://www.tiktok.com/@legend
Twitter  : https://twitter.com/legendmediafr
Snapchat : https://t.snapchat.com/CgEvsbWV

Chapitres : 

00:00 Introduction
00:27 PublicitÃ© Paperlike
01:29 PrÃ©sentation Philippe Boxho 
07:40 Bizutage
09:37 Premier cas 
29:42 Morts causÃ©es par des animaux
38:40 Tinder
47:57 Cann*bale
57:55 Analyse dâ€™Ã©claboussures 
1:10:06 Su!cides Ã©tonnants
1:16:50 Su!cides ratÃ©s 
1:20:03 MatÃ©riel de bricolage
1:24:24 Squelette
1:38:40 Happening Marie
1:47:43 Happening Dounia
1:51:15 Happening Romain
1:57:15 Outro",FR
pKl6hzM_F8Y,,UZI -  45 (Clip officiel),UZI OFFICIEL,10,2024-04-19T16:00:44Z,"Uzi,A la fÃªte,UZI a la fete,UZi akrapovich,Akrapo 5,Uzi T max noir,Uzi Booba,Uzi Oboy,Uzi Ninho,Ninho,Timal,Djadja Dinaz,PLK,Maes,Tiakola",286568,4490,0,137,https://i.ytimg.com/vi/pKl6hzM_F8Y/default.jpg,False,,"Sur le chemin, disponible en streaming : https://bfan.link/sur-le-chemin-2 

ğŸ‘‰ğŸ¾ Abonne toi Ã  la chaine : https://bit.ly/UZIYTabo

Production: Vlock films 
RÃ©alisation: Nizar Lajili et Kamerameha 
Directrice de production: Jeanne Grenat 
Cadreur: KayodÃ© Fagbohoun
OpÃ©rateur Ronin: Hasan Production
Ass Cam: Antoine Gomard
OpÃ©rateur FPV: KayodÃ© Fagbohoun
Montage: Habana Production
Vfx & Etalonnage: Melted Glow
Photographe: Lucas Bonanno 
--
Retrouve moi UZI sur :
Facebook : https://bit.ly/UZIfacebook
Instagram : https://bit.ly/UziInsta
Twitter : https://bit.ly/UziTwitter
SnapChat :  https://bit.ly/UZIsnapabo",FR
HupwIHH1Foc,,Le Japon se prÃ©pare Ã  la guerre ?,Le monde en cartes,25,2024-04-19T18:21:28Z,,182955,6432,0,458,https://i.ytimg.com/vi/HupwIHH1Foc/default.jpg,False,,"Le Japon se rÃ©arme. A quels dÃ©fis se prÃ©pare-t-il ? Quelles sont les menaces et opportunitÃ©s qui l'entourent ?
Pour tester Rosetta Stone et soutenir la chaÃ®ne, c'est par ici : https://partners.rosettastone.com/le-monde-en-cartes

Sinon, pour me soutenir financiÃ¨rement (merci BEAUCOUP !) :
TIPEEE : https://fr.tipeee.com/le-monde-en-cartes

INSTA : https://www.instagram.com/monde_en_cartes/
TWITTER : https://twitter.com/mondeencartes
FACEBOOK : facebook.com/mondeencartes
Contact pro : mondeencartes@gmail.com

Cette chaÃ®ne reÃ§oit le soutien des Clionautes : https://www.clionautes.org/

SOURCES :

Militaire : SIPRI, GlobalFirePower
Economie : WITS WORLDBANK, ATLAS CID HARVARD

BEIJING KEEPS BUSY IN EAST CHINA SEA OIL AND GAS FIELDS
https://amti.csis.org/busy-summer-beijings-rigs/

Russia begins large-scale military exercises in Far East
https://japannews.yomiuri.co.jp/world/russia/20220902-55602/

The CNS North Korea Missile Test Database
https://www.nti.org/analysis/articles/cns-north-korea-missile-test-database/

India and Japan enhance cooperation despite their differences
https://www.iiss.org/online-analysis/online-analysis/2022/05/india-and-japan-enhance-cooperation-despite-their-differences/

LIVRE BLEU DIPLOMATIQUE 2023
https://www.mofa.go.jp/files/100559903.pdf

Stability and Fragility in Japan-China Relations: Chinaâ€™s Pivotal Power and Japanâ€™s Strategic Leverage
https://www.jstor.org/stable/48717993?read-now=1&seq=2

La stratÃ©gie indo-pacifique du Japon
https://www.areion24.news/2020/11/05/la-strategie-indo-pacifique-du-japon/

LE JAPON, ACTEUR CENTRAL DES ENJEUX DE Lâ€™INDOPACIFIQUE
https://ihedn.fr/2023/06/23/le-japon-acteur-central-des-enjeux-de-lindopacifique/

LA TERRITORIALISATION DES ESPACES MARITIMES : ENJEUX POUR LA FRANCE ET VISION PROSPECTIVE.
https://fmes-france.org/la-territorialisation-des-espaces-maritimes-enjeux-pour-la-france-et-vision-prospective/

Japanese support for a nuclear restart is at its highest since Fukushima disaster, says former IEA executive director
https://www.cnbc.com/2022/08/17/japan-support-for-nuclear-restart-is-highest-since-fukushima-disaster.html

Japanâ€™s Pacifism Is Dead
https://www.researchgate.net/profile/Linus-Hagstroem/publication/329083385_Japan's_Pacifism_Is_Dead/links/624ff1aad726197cfd459055/Japans-Pacifism-Is-Dead.pdf

The new central front: Japanâ€™s special role in the Westâ€™s strategic rivalry with China
https://ecfr.eu/article/the-new-central-front-japans-special-role-in-the-wests-strategic-rivalry-with-china/

Setting the course: Japanâ€™s new security strategy
https://ecfr.eu/article/setting-the-course-japans-new-security-strategy/

Japanese supply chains and the fallout from Russia's invasion of Ukraine
https://www.iiss.org/online-analysis/online-analysis/2022/09/japanese-supply-chains-and-the-fallout-from-russias-invasion-of-ukraine/

Mitigating Geopolitical Risk â€“ Japan as a Stabilizer in Asia
https://www.jef.or.jp/journal/pdf/247th_Cover_Story_05.pdf

NATIONAL DEFENSE STRATEGY, December 16, 2022
https://www.mod.go.jp/j/approach/agenda/guideline/strategy/pdf/strategy_en.pdf",FR
24kTF8cWa5Y,,ğŸ¥ğŸ†• NO COMMENT - EP 33 ğŸ¤£,PSG - Paris Saint-Germain,17,2024-04-19T18:45:00Z,"We Are Paris,PSG,PARIS SAINT-GERMAIN,PARIS,FOOTBALL,Gianluigi Donnarumma,Achraf Hakimi,Presnel Kimpembe,Marquinhos,Nuno Mendes,Nordi Mukiele,Fabian Ruiz,Danilo Pereira,Vitinha,Carlos Soler,Kylian MbappÃ©,MbappÃ©,No Comment,Inside,Highlights,Skill,Training,Goal,Interview,Warren,ZaÃ¯re-Emery,Ugarte,Kang-In Lee,Lee,Ethan MbappÃ©,Kolo Muani,DembÃ©lÃ©,Lucas Hernandez,Hernandez,Asensio,Tenas,Skriniar,Keylor Navas,Beraldo,Moscardo,Mayulu,Barcola,Randal,GonÃ§alo Ramos",106518,4868,0,161,https://i.ytimg.com/vi/24kTF8cWa5Y/default.jpg,False,,"Le meilleur de la semaine du Paris Saint-Germain ! ğŸ”´ğŸ”µ

PresentÃ© par  @GOAT 

SUBSCRIBE â¡ï¸ https://www.youtube.com/psg

FOLLOW PSG ğŸ”´ğŸ”µ

ğŸ‘¨â€ğŸ’»  Website: https://en.psg.fr/ 
ğŸ“¸  Instagram: https://www.instagram.com/psg/
ğŸ“²  TikTok: https://www.tiktok.com/@psg/
ğŸ¥  Twitch: https://www.twitch.tv/psg/
ğŸ¦  Twitter: https://twitter.com/PSG_English/
ğŸ’»  Facebook: https://www.facebook.com/PSG/
ğŸ¤³  BeReal: https://t.co/0YF4ui5bnk
ğŸ’¬  WhatsApp: https://bit.ly/3RB3RVq

ğŸ”— https://linktr.ee/PSG

ABONNEZ-VOUS â¡ï¸ https://www.youtube.com/psg

SUIVEZ LE PARIS SAINT-GERMAIN ğŸ”´ğŸ”µ",FR
NyBAmhcR4zs,,On TESTE les PIRES PRODUITS de football du MONDE,LEVY,17,2024-04-19T15:30:06Z,"LEVY,levy foot,youtubeur football,LÃ©vy Grelaud,On teste les PIRES OBJETS de football du MONDE,Futcrunch",98722,3352,0,517,https://i.ytimg.com/vi/NyBAmhcR4zs/default.jpg,False,,"ChaÃ®ne YouTube d'Evan : https://www.youtube.com/@UC6EqnGaHxMq7Pmh5hJgF2HQ 
Instagram de Lucas : https://www.instagram.com/lucas_boivineau/
Instagram de Dany : https://www.instagram.com/dany_prl9/
Instagram de Thomas : https://www.instagram.com/thomas.ard223/

La vidÃ©o de Futcrunch : https://www.youtube.com/watch?v=db0tKHJ2etg&t=351s

Le site d'11teamsports sur lequel je me procure mes Ã©quipements (-5% de remise avec le code ""LEVY23"") : https://11teamsports.fr/?a_box=9fzaezvh

00:00 Introduction.
01:00 Produits 1 et 2.
06:33 Produit 3.
08:30 Produit 4. 
11:50 Produit 5.
13:42 Produit 6. 

â–º Ma chaine secondaire (LÃ©vy Grelaud) : https://www.youtube.com/channel/UCBgyiNGLeEfEqRx-Yks_oXA
â–º Mon Instagram (levy_youtube) : https://www.instagram.com/levy_youtube/
â–º Mon TikTok : https://www.tiktok.com/@levyyoutube

OFFRES COMMERCIALES : lgrelaud@outlook.fr

Musiques : La plupart des musiques proviennent des sites ""Artlist"" et ""Epidemic Sounds"" proposant des musiques libres de droit en contrepartie d'une souscription Ã  abonnement annuel :
https://artlist.io
https://www.epidemicsound.com

Toutes les autres musiques proviennent des chaines YouTube NCS : 
@NoCopyrightSounds et @NCSArcade 

RÃ¨gles de l'espace commentaire : 
- Respect des personnes prÃ©sentes dans la vidÃ©o.
- Pas d'insultes ou de commentaires racistes, homophobes ou autres. 
- Pas d'embrouilles entre viewers.",FR
b7kmP1fsGg8,,Taylor Swift - Fortnight (feat. Post Malone),Taylor Swift,10,2024-04-19T04:00:32Z,"taylorswift,postmalone,fortnight,thetorturedpoetsdepartment",6264545,365178,0,28925,https://i.ytimg.com/vi/b7kmP1fsGg8/default.jpg,False,,"Listen to â€œFortnight (feat. Post Malone)â€ by Taylor Swift, from â€˜The Tortured Poets Departmentâ€™.

â–ºSubscribe to Taylor Swift on YouTube: https://ts.lnk.to/subscribe
â–ºShop Merch: http://taylorswift.lnk.to/store 

â–ºFollow Taylor Swift Online: 
TikTok: http://tiktok.com/@taylorswift 
Instagram: http://instagram.com/taylorswift 
Twitter: http://twitter.com/taylorswift13 
Snapchat: http://snapchat.com/add/taylorswift 
Facebook: http://facebook.com/taylorswift 
Tumblr: http://taylorswift.tumblr.com 
Website: http://www.taylorswift.com 

â–ºFollow Taylor Nation Online 
TikTok: http://tiktok.com/@taylornation
Instagram: http://instagram.com/taylornation 
YouTube: https://youtube.com/taylornation 
Twitter: http://twitter.com/taylornation13
Tumblr: http://taylornation.tumblr.com

#taylorswift #postmalone #fortnight #thetorturedpoetsdepartment",FR
zHUtVLaC85M,,"Pain farci Ã  la viande hachÃ©e super facile, Ã©conomique et en bonus sans four !",Chef Michel Dumas,26,2024-04-19T14:00:49Z,"Pain farcie Ã  la viande hachÃ©e,sans four,viande hachÃ©e,recette economique,recette sans four,recette facile,cuisine facile,cuisine sans four,viande hachee,pain a la viande,chef dumas,recettes,food",167156,3280,0,112,https://i.ytimg.com/vi/zHUtVLaC85M/default.jpg,False,,"ğŸ Les ensembles de couteaux et de tabliers ici : https://www.chefmicheldumas.com/fr-ca/collections/combos
ğŸ”ª Nos couteaux, tabliers et bien plus encore ici : https://www.chefmicheldumas.com/  
ğŸ“– MON NOUVEAU LIVRE EST DISPONIBLE ICI: https://linktr.ee/chefmicheldumas 

â¤ Abonnez-vous pour ne jamais manquer une miette: https://www.youtube.com/chefmicheldumas

â¢MatÃ©riels de cuisine et de tournage (Liens d'affiliation)
ğŸ“¹ğŸ³ https://www.amazon.fr/shop/chefmicheldumas ğŸ“¹ğŸ³

ğŸš©Subscribe to my son's English cooking channel here:
https://www.youtube.com/c/JeanPierreDumas

Facebook: https://www.facebook.com/chefmicheldumas
Instagram: https://www.instagram.com/chefmicheldumas
Tiktok: https://www.tiktok.com/@chefmicheldumastiktok",FR
rOUJZ9u0-Yw,,"NOUVEAUX BRAWLERS, PLEINS DE SKINS GRATUIT | BRAWLTALK mise Ã  jour BRAWL STARS",Periado ,20,2024-04-20T15:11:32Z,"brawl stars,brawl stars pack opening,brawl stars fr,meilleur pack opening,periado,histoire brawl stars,brawl stars tier list,thÃ©orie brawl,theorie brawl talk,brawl stars histoire,nouveau brawler,actus brawl stars,actus supercell,brawl news,actus bs,brawltalk,brawltalk fr,StarrParkCCTV,brawltalk brawl stars,saison brawl stars,brawltalk en francais,bs fr,melodie brawl stars,angelo brawl stars,cambriolage brawl stars,sable du temps brawl stars",125865,8714,0,875,https://i.ytimg.com/vi/rOUJZ9u0-Yw/default.jpg,False,,"LE BRAWL TALK est enfin lÃ  sur Brawl Stars et on a beaucoup de chose Ã  raconter. Nouveaux mode jeu, Godzilla, des skins gratuits evenement de club !

Bienvenue dans les actus du jours sur Brawl Stars dans ces vidÃ©os nous regardons et analysons tous ceux qui se passe dans Brawl Stars de simple photos, Ã  des statistiques sur les brawlers ou mÃªme en regardant des concepts !

Pour mettre le code sur Brawl Stars : https://link.brawlstars.com/supportcreator/fr?code=periado

â–º Code CrÃ©ateur : PERIADO sur tout les jeux Supercell et sur tout l'Epic Games Store !
â–º Twitch : https://www.twitch.tv/periad0
â–º ChaÃ®ne secondaire :  @Periadooff   
â–º ChaÃ®ne Replay :  @periadoreplay  
â–º Twitter : https://twitter.com/Periado2
â–º Discord : https://discord.gg/EbUwNwykxN
â–º TikTok : https://www.tiktok.com/@periado
â–º Instagram : https://www.instagram.com/periado_yt/

Contact : periado.contact@gmail.com

SOMMAIRE DE LA VIDEO :

#brawlstars #godzilla #UrbanNinjaTaraGiveaway

--------------------------------------------------------------------

Brawl Stars est un MOBA, c'est-Ã -dire une arÃ¨ne de bataille en ligne multijoueur, oÃ¹ les joueurs affrontent d'autres joueurs ou IA dans plusieurs modes de jeu. Les joueurs peuvent interagir avec des personnages appelÃ©s ""Brawlers"", dÃ©blocables en ouvrant des boÃ®tes du ""Brawl Pass"" ou bien dans la boutique avec une probabilitÃ© d'obtention (en %), achetable dans la boutique avec des gemmes ou de l'argent numÃ©rique, ou encore en les dÃ©bloquant directement grÃ¢ce Ã  la ""route des trophÃ©es"".

N'hÃ©sitez pas Ã  vous abonner
A liker cette vidÃ©o
Et Ã  me faire savoir vos envies et vos avis dans l'espace commentaire !",FR
NDBNUvcDwos,,BUAKAW LE DIEU DU MUAY THAÃ  - LE FLASHBACK #49 ft ANDRÃ‰ ZEITOUN,Boxing Academy France,17,2024-04-19T16:23:37Z,"Boxing Academy,Tutos Boxe,Faire de la Boxe,Jeremy Denis,Histoire de la Boxe,Histoire Noble Art,Noble Art,Flashback Boxe,muay thaÃ¯,thailande,boxe thaÃ¯,Buakaw,Benchamek,Por Pramuk,Kickboxing,K1,Japon,Masato,Souwer,Kraus,champion,zeitoun,skarbowski,camps,Radja,Lumpenee,entrainement,force,high kick,nakmuay,Kru,Lotus blanc,Goat,dieu,icone",46577,2426,0,107,https://i.ytimg.com/vi/NDBNUvcDwos/default.jpg,False,,"ğŸš¨ğŸš¨ğŸš¨ Nos livres sont dispo ! â¡ï¸  https://vroomoriginals.com 

Merci Ã  AndrÃ© Zeitoun @laminutemuaythaibyandrezei4069 pour son expÃ©rience et son expertise !

Bienvenue Ã  tous dans le Flashback, lâ€™Ã©mission qui vous raconte les plus grandes histoires du sport.
Aujourdâ€™hui, on sâ€™Ã©loigne du noble art et du MMA, pour s'intÃ©resser Ã  lâ€™une des disciplines les plus spectaculaires qui soit : le muay thaÃ¯. Cet art martial mÃªlant violence, spiritualitÃ© et traditions, rythme la vie des thaÃ¯landais. Plus quâ€™un sport, câ€™est une religion oÃ¹ la sainte parole se prÃªche Ã  grands coups de pied. 
Mais au-delÃ  des frontiÃ¨res du royaume de Siam, une autre discipline pieds/poings rÃ¨gne en maÃ®tre : le kickboxing. Avec des compÃ©titions rassemblant les meilleurs combattants de la planÃ¨te, sâ€™imposer en kickboxing reprÃ©sente un dÃ©fi de taille pour les boxeurs thaÃ¯. 
Aujourdâ€™hui, on vous raconte lâ€™histoire de lâ€™un des plus grands kickboxeurs de tous les temps, doublÃ© dâ€™une lÃ©gende du muay thaÃ¯. Lâ€™histoire du Thailandais qui a fait trembler le Japon. Celui qui a fait naÃ®tre la peur du muay thaÃ¯ chez les kickboxeurs du lÃ©gendaire K1â€¦ Buakaw ! 
VÃ©ritable trÃ©sor national thaÃ¯landais, Buakaw Por Pramuk est lâ€™un des plus grands reprÃ©sentants du muay thaÃ¯ Ã  lâ€™international. Du haut de ses 244 victoires - 24 dÃ©faites - 13 nuls, il a affrontÃ© les plus grandes lÃ©gendes. 
ObligÃ© de se battre dÃ¨s lâ€™enfance pour survivre, il est aujourdâ€™hui un grand maÃ®tre respectÃ© et idolÃ¢trÃ©. GÃ©nie du combat, que ce soit en muay thaÃ¯ oÃ¹ en kickboxing, il ne recule devant rien, ni personne, pas mÃªme face aux champions du K1, la plus prestigieuse compÃ©titions de kickboxing. 
Alors protÃ©gez bien vos tibias, on prend notre fameuse machine Ã  remonter le temps. Direction Tokyo, au Japon, pour admirer lâ€™ascension du grand Buakaw ! Vous Ãªtes prÃªts ? Letâ€™s gooo !!

Ã‰criture : Eliot Poudensan
Narration : Selim El Mellah
Montage : Idriss Merouane

RETROUVE TOUT L'UNIVERS DE BOXING ACADEMY
ğŸ“š Shop : https://www.vroomoriginals.com
ğŸ™ï¸ Podcast : https://open.spotify.com/show/7BWeWyowf9y9KZqFQ9XoiW?si=480ee413a2a845fa
ğŸ“± TikTok : https://www.tiktok.com/@boxing_academy1
ğŸ“¸ Instagram : https://www.instagram.com/boxingacademy

Boxing Academy est une crÃ©ation de vroom originals.",FR
k160pAo-2tE,,TÃ©moignage d'un ex-otage emprisonnÃ© 3 ans en Iran,EnvoyÃ© SpÃ©cial,25,2024-04-19T13:18:03Z,"envoyÃ© spÃ©cial,Ã©lise lucet,france 2,information",91170,1127,0,501,https://i.ytimg.com/vi/k160pAo-2tE/default.jpg,False,,"ğŸ”´ Son road trip a virÃ© au cauchemar : il a Ã©tÃ© emprisonnÃ© 3 ans en Iran.

Benjamin BriÃ¨re rÃªvait de dÃ©couvrir le pays, sa culture millÃ©naire et ses paysages incroyables. AprÃ¨s 6 mois de voyage sans encombre, sa vie bascule le 27 mai 2020 !

â€œJ'Ã©tais retenu par le rÃ©gime iranien. C'est ce mÃªme rÃ©gime qui retient encore les 4 FranÃ§ais.â€

Son histoire hors normes, digne d'une sÃ©rie, a longtemps Ã©tÃ© teintÃ©e de mystÃ¨re et de soupÃ§ons d'espionnage.

Pourtant, avant de partir en Iran, Benjamin BriÃ¨re n'Ã©tait, dit-il, qu'un simple producteur de spectacles fÃ©ru de voyages.

ğŸ“º â€œIran : les vÃ©ritÃ©s d'un ex-otageâ€ â¯ https://bit.ly/ES-180424

â¤ Pour t'abonner : https://bit.ly/ES-abonnement
ğŸ”” Active la cloche pour ne rater aucune vidÃ©o !

Retrouve-nous aussi sur :
â–¶ Le replay : https://bit.ly/ES-180424
ğŸ‘¤ Facebook : https://www.facebook.com/envoyespecial.france2
ğŸ“· Instagram : https://www.instagram.com/envoyespecial/
ğŸ¦ Twitter : https://www.instagram.com/envoyespecial/
ğŸ¶ Tiktok : https://www.tiktok.com/@envoyespecial.tv",FR
q20dgj2oQQA,,J'AI TROUVÃ‰ LA MAISON DE MES RÃŠVES ?!,Stormette,24,2024-04-19T16:30:13Z,"Stormette,Charlene,Sport,Fitness,Montpellier,Maquillage,Mode,Vlog",48825,3457,0,137,https://i.ytimg.com/vi/q20dgj2oQQA/default.jpg,False,,"Suis-moi sur Instagram : https://instagram.com/stormette__

Hola les loulous !
Je vous retrouve dans une nouvelle vidÃ©o pour vous embarquer dans ma vie.
J'espÃ¨re que cette vidÃ©o vous plaira, Je vous fais de trÃ¨s gros bisous â™¥


* En collaboration avec la marque Respire : 
Le code STORMETTE vous offre -20% sur le site Respire, valable jusquâ€™au 12 mai.
Dispo ici : https://www.respire.co/utm_source=youtube&utm_medium=influencer&utm_coupon=STORMETTE


Contact pro uniquement : stormette@sharefraiche.com  

MON MATÃ‰RIEL : 
â—‡ Appareil photo - SONY A7C : https://rstyle.me/+-uxdQkD44qc0SxcbSpNpfQ
â—‡ Objectif grand angle : https://rstyle.me/+9UdYTTU0xW5MPuE48Dz5Nw
â—‡ Appareil de vlog - CANON G7X : https://rstyle.me/+98V5RbJRm7iL5lqNSoOzGA 
â—‡ Micro - ROGUE : https://rstyle.me/+U_qZOqE_aVuoLiyCBDKxCg
â—‡ Ã‰clairages : https://rstyle.me/+9PzTqujGYoqOk83T16Vpsg
â—‡ Logiciel de montage : Final Cut Pro


Les sites, codes promos ou articles prÃ©cÃ©dÃ©s d'un ""*"" signifie que ce sont des partenariats. 

N'hÃ©sitez pas Ã  vous abonner Ã  ma chaÃ®ne, c'est gratuit et vous permet de suivre mes vidÃ©os avec plus de facilitÃ© !  

Bisous,  
CharlÃ¨ne â™¡",FR
E6nvcTfdz1Q,,Emmanuel Moire - SOIS UN HOMME (Clip officiel),Emmanuel Moire,10,2024-04-19T10:00:07Z,"emmanuelle moire,emmanuel moire 2024,emmanuel moire nouveau clip,emmanuel moire nouveau",56095,2359,0,172,https://i.ytimg.com/vi/E6nvcTfdz1Q/default.jpg,False,,"Emmanuel Moire - SOIS UN HOMME
Single disponible : https://bfan.link/sois-un-homme
S'abonner Ã  la chaÃ®ne : https://www.youtube.com/channel/UCUlSOTrPwWTSoZgJet1G-VA/?sub_confirmation=1


RÃ©alisation : Julien Gauthier
Production : La Sucrerie
Productrice exÃ©cutive : Anne Rivoallan
Directrice de production : Juliette Rivierre 
Assistantes de production : AnaÃ¯s Faure et Mathilde Le Berre
RÃ©gisseur : Houcine Guendouz

Chef OPV : Martin Laugery
1er assistant DOP : Lucas Gringoli
Assistante rÃ©alisateur : Marion Gourvest 

OpÃ©rateur Steadicam : Adam Gulbol

Chef Ã©lectricien : Arnaud Lefebvre
Ã‰lectriciens : Gwendal Carvennec et Adrien Demarest
Chef machiniste : Yoann Amouroux 
Machiniste : Thomas Pujol

IngÃ©nieur du son : KÃ©vin Moine

Maquilleuse : Laetitia Delhaie
Styliste : Alexis Arnoult 

Montage : Arnaud Desne
Etalonnage : Martin Laugery
Mixage son et sound design : KÃ©vin Moine

Making-off : Robin Furstenberger
Photographes de plateau : Justin Giboreau, Margot Trovo

ComÃ©dien : Richard Chevalier
Figurants : Issa Bance, Abdelwahid Bouariam, Max Laure, Luc Brouqui, David James, Marsyl Boupib, Dave Robson, Eric Tormos

Remerciements : RSOA Boxe Anglaise, Mairie de Saint-Ouen sur Seine
Label : Play Two


#EmmanuelMoire #SoisUnHomme #ClipOfficiel",FR
KKm3PYQ95UQ,,ISS - Favori (Clip Officiel),ISS,10,2024-04-18T16:01:49Z,,199851,4951,0,149,https://i.ytimg.com/vi/KKm3PYQ95UQ/default.jpg,False,,"ISS - Favori (Clip officiel)

Nouvel single disponible : 

https://bfan.link/favori

Abonne toi ici:
https://www.youtube.com/channel/UCjFiDBgSrwj6jFqBSGyBYkQ

Suivez ISS sur ces rÃ©seaux:

Instagram: https://instagram.com/issofficiel?utm...
Snap: isma_brg

Produit par: KDK PRODUCTIONS 
RÃ©alisÃ© par: Pierre Gounin 

Contact: iss.procontact@gmail.com

#iss #favori",FR
ItAvfa4w6F8,,L'arnaque des cÃ¢bles HDMI,RTBF iXPÃ©,28,2024-04-19T17:00:10Z,"RTBF,RTBF iXPÃ©,iXPÃ©,iencli rtbf,iencli,aurelien sama,ixpÃ© iencli,tech,nadiro,on n'est pas des iencli,frenchhardware,on est pas des iencli,cable hdmi,hdmi,hdmi 2.1,hdmi cable,hdmi 2.0,hdmi vs displayport,displayport vs hdmi,arnaque,arnaque hdmi,l'arnarque des hdmi,cÃ¢ble hdmi,cable hdmi arnaque,french hardware,frhardware,tech sama,ienclis aurelien,techsama,cable hdmi 2.1,arrÃªtez d'utiliser n'importe quel cÃ¢ble hdmi,quel cable hdmi choisir",74108,3597,0,216,https://i.ytimg.com/vi/ItAvfa4w6F8/default.jpg,False,,"Il faut faire attention aux arnaques scandaleuses des cÃ¢bles HDMI ! Les inscriptions sur les boites en grandes surfaces ne donnent pas du tout assez dâ€™infos sur leurs cÃ¢bles. Du coup, on ne sait plus quoi acheter... HighSpeed, 4K, des donnÃ©es qui apparaissent sur presque tous les emballages mais qui ne veulent pas dire grand-chose. 

On croit acheter le meilleur cÃ¢ble HDMI pour quelques euros et en fait, pas du tout ! Câ€™est idiot et câ€™est le consommateur qui en fait les frais. Dans cet Ã©pisode de On n'est pas des ienclis, AurÃ©lien Sama (Tech sama) et Gauthier (French Hardware) vous expliquent comment bien choisir votre cÃ¢ble lorsque vous allez en magasin !  

ğŸ›ğŸ›SUIVRE NOS PRÃ‰SENTATEURS :  
ğŸ¤– AurÃ©lien : @TechSama & @AurelienSama 
ğŸ¤–ğŸ¤– Mathis & Gauthier : @FRHardware 
ğŸ¤– Laura DevGirl : @devgirl_ 
ğŸ¤– Nadiro : @nadiro 

â•â•â•â•â•â•â•â•â•â•â•â•â•â•â•â•â•â•â•â•â•â•â•â•â•â•â•â•â•â•â•â•â•â•  

ğŸ“º Viens voir et revoir tous nos contenus sur AUVIO : auvio.rtbf.be/chaine/ixpe-102
ğŸ® Rejoins-nous sur TWITCH : https://www.twitch.tv/RTBF_iXPe
ğŸ® Abonne-toi Ã  la chaÃ®ne RTBF iXPÃ© : https://www.youtube.com/c/RTBFiXPÃ©

â•â•â•â•â•â•â•â•â•â•â•â•â•â•â•â•â•â•â•â•â•â•â•â•â•â•â•â•â•â•â•â•â•â• 

 ğŸ“± Retrouve-nous aussi sur : 
 
Threads       â–º https://www.threads.net/@rtbf_ixpe
Instagram  â–º https://www.instagram.com/RTBF_iXPÃ© 
TikTok        â–º https://www.tiktok.com/@rtbf_ixpe
Facebook  â–º https://www.facebook.com/rtbf.ixpe

#RTBFiXPe #tech #hdmi",FR
UxdmTT591DY,,"Ces recettes Tiktok sont satisfaisantes (Bala Baiana, Tanghulu, Hwachae, Cookie croissant)",Carl is cooking,26,2024-04-19T14:59:05Z,"carl is cooking,carl arsenault,carl arsenault le meilleur patissier,ces recettes tiktok sont satisfaisantes,recette tanghulu,recette hwachae,recette cookie croissant,recette bala baiana,tanghulu,hwachae,cookie croissant,bala baiana,je teste,recette tiktok,food hacks,tiktok,tik tok,24h carl is cooking,carl is cooking 24h,tiktok food hacks,je teste des hack tik tok,carle is cooking,challenge carl is cooking,recettes tiktok,je teste des recettes tiktok",69960,6048,0,216,https://i.ytimg.com/vi/UxdmTT591DY/default.jpg,False,,"Aujourd'hui sur Carl is cooking... je teste des recettes TikTok qui sont satisfaisantes, comme le bala baiana, le tanghulu, le hwachae, le cookie croissant tellement viral sur tiktok! On va voir ce qui se passe!
ğŸ‘‰ğŸ» DÃ‰COUVRE NOTRE MARQUE SKINCARE AU WWW.HIGHONFUN.COM ğŸ¤©

Avec ce challenge, je teste les recettes virales de tiktok pour faire la recette tanghulu, la recette hwachae, la recette bala baiana, la recette cookie croissant et elles sont toutes vraiment dÃ©licieuses. 

Je teste le fameux cookie croissant qu'on voit partout, j'essaie aussi le hwachae et c'est super bon. Bien sÃ»r, je teste la tendance tiktok, le tanghulu avec plusieurs fruits et c'est dÃ©licieux. 

Je vais vous documenter mon Ã©tat d'esprit pendant que je teste tous ces recettes tiktok satisfaisantes. Vous allez passer une journÃ©e dans mon assiette. Vous allez voir tout ce que je mange en un jour.

Dis-moi en commentaire quel autre challenge je pourrais faire sur ma chaÃ®ne.

C'Ã©tait le fun de faire cette vidÃ©o challenge degustation oÃ¹ je teste des recettes tiktok satisfaisantes.

LÃ¢che un #grospoucedelike et partage la vidÃ©o avec les gens qui veulent savoir si les recettes tiktok fonctionnent vraiment.

LA CHAÃNE DE VLOG DE CARL ET ISAAC : https://bit.ly/1QTzCyF
LA CHAÃNE DE HUBY: https://bit.ly/2kOAMDS
ğŸ’« Like la vidÃ©o et abonne-toi ici: http://bit.ly/1nAJhmi

âœ”ï¸ Active les notifications en cliquant sur la ğŸ”” pour voir toutes mes vidÃ©os et partage avec tes amis! 

ğŸ’« Suis-moi sur mes rÃ©seaux sociaux:
INSTAGRAM : http://bit.ly/2mK60S3
TIKTOK : http://vm.tiktok.com/a4FoYu/
INSTAGRAM D'ISAAC : https://bit.ly/2vy6DAi
INSTAGRAM PRO: http://bit.ly/2zkxyDr
FACEBOOK : http://bit.ly/2gZQDOL
TWITTER : http://bit.ly/2he9uVf
SNAPCHAT : carlarsenault

Mes livres ğŸ“•: 

Au QuÃ©bec: https://bit.ly/2TYhCNI
En France: https://bit.ly/2BTSrEP
http://amzn.to/2nf4YM9

Ce que j'utilise pour filmer:

CamÃ©ra fixe: http://amzn.to/2mFfAmO
CamÃ©ra mobile: http://amzn.to/2Dj1vVA
Ring flash: http://amzn.to/2DecpwZ

Cette vidÃ©o est un programme tous publics donc un contenu familial adaptÃ© aux annonceurs de type divertissement et humour idÃ©al pour la famille en franÃ§ais.

N'OUBLIEZ PAS, VOUS ÃŠTES LES MEILLEURS! ğŸªğŸ’™

Copyright Â© Carl is cooking 2015-2024 #carliscooking #tiktok",FR
UVQBG3h9cBs,,Ce BOXEUR TUÃ‰ par la CORRUPTION,Sport Trash,17,2024-04-19T15:15:01Z,"Sport Trash,Boxe,Sports,Jeux olympiques,histoire,Storytelling,The Great Review,EGO,Alexis Vastine",82995,5279,0,193,https://i.ytimg.com/vi/UVQBG3h9cBs/default.jpg,False,,"Imagine, aprÃ¨s un entraÃ®nement intensif pour atteindre les jeux olympiques, tu y es enfin. Câ€™est le grand jour, tu rentres dans le ring, le combat commence et tu donnes TOUT. Tellement que tu es persuadÃ© dâ€™avoir gagnÃ©, tellement que mÃªme les spectateurs le sont ! Mais lÃ , lâ€™arbitre lÃ¨ve la main de ton adversaire. Les juges sont cruels, ils ont dÃ©cidÃ© que ce ne sera pas ton jour sans raisons spÃ©ciales. Cette injustice, elle est arrivÃ©e deux fois Ã  cet homme : Alexis Vastine, lâ€™un des plus grands espoirs de la boxe franÃ§aise.

â¤ Pour rejoindre l'Ã©quipe : https://forms.gle/Qwspc8VUvsoEfTF7A

VidÃ©o rÃ©alisÃ© par Ikutsen.
https://www.instagram.com/ikutsenfc/

Sources utilisÃ©es pour la conception de cette vidÃ©o : https://shorturl.at/itBX0

Si l'histoire vous Ã©meut, Boxing Academy France a rÃ©alisÃ© une vidÃ©o captivante retraÃ§ant le parcours poignant d'Alexis ainsi que son frÃ¨re et son pÃ¨re : https://www.youtube.com/watch?v=Y_6UW83z15k",FR
QYu3kqMwGgs,,MARQUES VS SOUS-MARQUES ! Feat Neoxi & Emma,CHRIS,23,2024-04-18T16:00:11Z,"Chris,Games,DÃ©lire,humour,fun,emma grazinao,neoxi,luxe ou pas luxe,luxe,marques vs sous marques,marques,challenge,coca,pepsi,tiktok",133399,12227,0,185,https://i.ytimg.com/vi/QYu3kqMwGgs/default.jpg,False,,"Seriez vous faire la diffÃ©rences entre de la marque ou de la sous-marque ?
Clique sur mon lien https://www.hellofresh.fr/chris-avril  et commande ta Box Ã  moins de 3â‚¬ seulement par repas avec 3 cadeaux surprises en utilisant le code CHRIS-AVRIL
Code promo valable en France et BENELUX pour les nouveaux clients et si tu as annulÃ© ton abonnement depuis au moins 1 an

ğŸ“© Contact pro : Chrisgamesstudio@gmail.com

Abonne toi pour me soutenir â¤ï¸
ğŸ’¶ ChaÃ®ne secondaire : https://www.youtube.com/c/ChrisGamesVOD
ğŸ›‘ Twitch : https://www.twitch.tv/chris_
ğŸ¦ Twitter : https://twitter.com/ChrisGames_
ğŸ“¸ Instagram : https://www.instagram.com/chrisgamesyt/
ğŸ’ Tiktok : https://www.tiktok.com/@chris2nerfs
ğŸ—£ï¸ Serveur Discord : https://discord.gg/chrisgang

Avec :
@Ne0xi 
@EmmaGraziano 

Prod : Sydney
Montage : Audrey

A BientÃ´t !
CHRIS.",FR
GBimHNq4xOU,,Le rÃ©sumÃ© de la course sprint - Grand Prix de Chine - F1,CANAL+ Sport,17,2024-04-20T04:02:29Z,"F1,formule 1",337349,6629,0,305,https://i.ytimg.com/vi/GBimHNq4xOU/default.jpg,False,,"ğŸ Encore plus de Formule 1 sur myCANAL : https://www.canalplus.com/sport/formule-1/


ğŸ”” Abonnez-vous pour suivre toute lâ€™actu sport de CANAL+ !


ğŸ“² CANAL+F1 sur les rÃ©seaux :
â–¸ Facebook : https://www.facebook.com/CanalplusF1
â–¸ Twitter : https://twitter.com/CanalplusF1
â–¸ Instagram : https://instagram.com/canalplussport/Â 
â–¸ TikTok : https://tiktok.com/@canalplussport
â–¸ Twitch : https://twitch.tv/canalplus_sport


#F1 #Formule1 #Formula1",FR
1TyPNbBT2lA,,trou du cul,Marine LB,26,2024-04-18T17:00:01Z,"marine lb,marinelbars,vlog,hellofresh,philips hue,jeux de societe",194162,13536,0,166,https://i.ytimg.com/vi/1TyPNbBT2lA/default.jpg,False,,"cette video n'est pas un tri de chaussettes..... (dsl Nour)

commande ta box Ã  - de 3â‚¬ par repas + 3 cadeaux surprise
avec mon code MARINE3 en cliquant sur ce lien www.hellofresh.fr/marine3ï»¿
l'offre est valable en France et BENELUX pour les nouveaux clients
& les clients ayant annulÃ© leur abonnement depuis minimum 1 an

suis-moi ici aussi:
Instagram : http://www.instagram.com/marinelbars/
Twitter : http://twitter.com/marinelbars
TikTok : https://www.tiktok.com/@marinelbars

mail PRO uniquement: marinelb.pro@gmail.com

mon lien de parrainage iGraal: https://fr.igraal.com/parrainage?parrain=AG_5954f6828b819

cette vidÃ©o est sponsorisÃ©e par HELLO FRESH",FR
rAavmmF86Ww,,MON ESSENTIEL - EMMANUEL MOIRE ( LE ROI SOLEIL ) SARA'H COVER,SARAâ€™H,10,2024-04-19T16:48:20Z,"Je fais de toi mon essentiel,Le roi soleil,Cover,Sarah Cover",46641,2822,0,199,https://i.ytimg.com/vi/rAavmmF86Ww/default.jpg,False,,"Nâ€™hÃ©sitez pas Ã  vous abonner Ã  ma chaine et Ã  activer les notifications avec la petite cloche ğŸ””  juste au dessus pour dÃ©couvrir mes videos 
avant tout le monde ğŸ˜ƒâ¤ï¸ğŸ¹ğŸ¼ğŸ¤ğŸ§

Pour me suivre :

Instagram : https://www.instagram.com/sara_hofficiel
TikTok : https://vm.tiktok.com/ZMeYGTUQX/
Facebook : https://www.facebook.com/Sarahhofficiel
Twitter : https://twitter.com/Sara_hofficiel

Contact : sarahofficielpro@gmail.com ( pro uniquement , sinon merci de me contacter sur mes rÃ©seaux je me ferai un plaisir de vous rÃ©pondre ;) )",FR
2JyeOEOUqhA,,Le rÃ©sumÃ© de Manchester City / Real Madrid - Ligue des Champions 2023-24 (1/4 de finale retour),CANAL+ Sport,17,2024-04-17T21:51:33Z,"football,ligue 1",1269898,16200,0,1247,https://i.ytimg.com/vi/2JyeOEOUqhA/default.jpg,False,,"ğŸ† Le meilleur de la UEFA Champions League en vidÃ©o

âš½ï¸ Encore plus de foot sur myCANAL : https://www.canalplus.com/sport/football

ğŸ”” Abonnez-vous pour suivre toute lâ€™actu sport de CANAL+ !

ğŸ“² Nos rÃ©seaux foot :
â–¸ Facebook : https://www.facebook.com/CanalPlusFoot
â–¸ Twitter : https://twitter.com/CanalplusFoot
â–¸ Instagram : https://instagram.com/canalplussport/Â 
â–¸ TikTok : https://tiktok.com/@canalplussport
â–¸ Twitch : https://twitch.tv/canalplus_sport

#Football #UCL",FR
npD5_3EnKhg,,C'est le chaos sur mon chantier mais Ã  la fin c'est joli :D,Aline Dessine,24,2024-04-20T10:00:39Z,"aline,aline dessine,dessine,alice,travaux,vlog,rÃ©novation,renovation,tour,maison,rÃ©novations",203339,19914,0,714,https://i.ytimg.com/vi/npD5_3EnKhg/default.jpg,False,,"BULK
Mon lien trackÃ© (permet Ã  Bulk de voir le trafic que je gÃ©nÃ¨re sur leur site, un simple clic sur ce lien me soutient.) 

https://www.awin1.com/cread.php?awinmid=7345&awinaffid=777033&clickref=bulk+powders&ued=https%3A%2F%2Fwww.bulk.com%2Ffr%2F

Utilise mon code PIPOUNE pour 25% de rÃ©duction sur tout le site! (hors accessoires, produits Ã  base de CBD et produits dÃ©jÃ  soldÃ©s) 

Suis moi sur mes rÃ©seaux, je fais des blagues et je montre mes plantes!

______________________________________
TIKTOK
@alinedessine ( https://www.tiktok.com/@alinedessine )

INSTAGRAM
@Aline_dessine ( https://www.instagram.com/aline_dessine/ )
______________________________________

CONTACT (pro uniquement) 
Aline@beyondmedia.fr
______________________________________

FACEBOOK 
Aucun lien avec le sport mais je profite quâ€™on soit lÃ  tous les deux Ã  discuter (ok, câ€™est plutÃ´t moi qui parle et toi qui Ã©coute. On va dire quâ€™on discute, câ€™est plus convivial) pour te parler de ma page facebook dâ€™illustrations. A la base, je suis illustratrice, câ€™est ma premiÃ¨re passion. Si tu veux retrouver tous mes dessins, Ã§a se passe ici: www.facebook.com/alinedessine 
______________________________________

MUSIQUES:
ArtList 
Musique d'outro: Cynthia ou le rythme de la vie
______________________________________
00:00:00 intro +  BULK
00:01:25 les tuyaux 
00:02:25 plein de finitions 
00:05:32 Peindre le radiateur  
00:07:59 CASSER LA CHEMINEE (hihi)
00:11:04 boucher le trou 
00:11:56 boucher l'AUTRE trou
00:12:58 Isoler le sol 
00:14:04 La poignÃ©e laide 
00:14:49 Remonter la poignÃ©e 
00:16:34 cheminÃ¨ye 
00:17:19 Isolationner le sol pour que l'isolation isolante soit isolÃ©e
00:19:07 je suis maÃ§on :) 
00:20:03 Poser le sol 
00:22:10 j'ai merdÃ© alors je rÃ©pare ma connerie :) 
00:25:42 cheminance 
00:27:23 Plinthes 
00:27:59 Le manteau de la cheminette 
00:29:05 Peindre les plinthes 
00:30:40 Coller les plinthes 
00:31:33 Je suis encore maÃ§on :) 
00:33:16 Choisir le carrelage 
00:34:18 La merveilleuse et magnifique lumiÃ¨re :D 
______________________________________
Bisous sur tes pouissantes fesses!",FR
